dataset_name,AVG Accuracy,seed_0,seed_1,seed_2,seed_3,seed_4,seed_5,seed_6,seed_7,seed_8,seed_9
ACSF1,0.747,0.82,0.74,0.77,0.69,0.77,0.71,0.75,0.79,0.71,0.72
BeetleFly,0.93,1.0,0.95,0.9,1.0,0.95,0.9,1.0,0.8,0.9,0.9
Chinatown,0.9723032069970845,0.9708454810495628,0.9620991253644317,0.97667638483965,0.9825072886297376,0.9737609329446064,0.97667638483965,0.9620991253644317,0.9650145772594751,0.979591836734694,0.9737609329446064
Computers,0.7772,0.76,0.8,0.808,0.772,0.788,0.736,0.772,0.776,0.8,0.76
DistalPhalanxOutlineAgeGroup,0.8100719424460431,0.7266187050359713,0.8776978417266187,0.8057553956834532,0.8201438848920863,0.7913669064748201,0.8057553956834532,0.7985611510791367,0.7913669064748201,0.8489208633093526,0.8345323741007195
DistalPhalanxOutlineCorrect,0.8090579710144927,0.7789855072463768,0.7971014492753623,0.8297101449275363,0.8152173913043478,0.7934782608695652,0.8333333333333334,0.7934782608695652,0.8043478260869565,0.8333333333333334,0.8115942028985508
DistalPhalanxTW,0.6949640287769784,0.6618705035971223,0.6762589928057554,0.7194244604316546,0.7050359712230215,0.6474820143884892,0.6834532374100719,0.7338129496402878,0.7050359712230215,0.7122302158273381,0.7050359712230215
ECG5000,0.9215777777777777,0.9271111111111112,0.9213333333333332,0.9206666666666666,0.9148888888888888,0.9224444444444444,0.9215555555555556,0.92,0.922,0.9242222222222222,0.9215555555555556
Earthquakes,0.7539568345323742,0.7482014388489209,0.7410071942446043,0.7482014388489209,0.7410071942446043,0.7482014388489209,0.7841726618705036,0.7482014388489209,0.7482014388489209,0.7482014388489209,0.7841726618705036
GunPointAgeSpan,0.970253164556962,0.9588607594936708,0.981012658227848,0.9841772151898734,0.9746835443037974,0.9462025316455696,0.9525316455696202,0.9683544303797468,0.9841772151898734,0.9651898734177216,0.9873417721518988
GunPointMaleVersusFemale,0.9955696202531646,0.9968354430379748,0.9873417721518988,0.9936708860759492,0.9968354430379748,1.0,1.0,0.9968354430379748,0.9968354430379748,0.9936708860759492,0.9936708860759492
GunPointOldVersusYoung,1.0,1.0,1.0,1.0,1.0,1.0,1.0,1.0,1.0,1.0,1.0
Herring,0.671875,0.640625,0.75,0.71875,0.703125,0.578125,0.671875,0.6875,0.609375,0.671875,0.6875
HouseTwenty,0.9655462184873949,0.957983193277311,0.9663865546218487,0.9663865546218487,0.9747899159663864,0.9747899159663864,0.957983193277311,0.9831932773109244,0.9411764705882352,0.9495798319327732,0.9831932773109244
InsectEPGRegularTrain,1.0,1.0,1.0,1.0,1.0,1.0,1.0,1.0,1.0,1.0,1.0
InsectEPGSmallTrain,1.0,1.0,1.0,1.0,1.0,1.0,1.0,1.0,1.0,1.0,1.0
ItalyPowerDemand,0.9241982507288629,0.9164237123420796,0.9290573372206026,0.8901846452866861,0.9436345966958212,0.902818270165209,0.9484936831875608,0.9378036929057336,0.933916423712342,0.9368318756073858,0.902818270165209
Lightning2,0.7508196721311475,0.7704918032786885,0.8032786885245902,0.6885245901639344,0.6885245901639344,0.7704918032786885,0.7213114754098361,0.7213114754098361,0.7868852459016393,0.7868852459016393,0.7704918032786885
Meat,0.9633333333333333,0.9166666666666666,0.95,0.9833333333333332,0.9333333333333332,0.95,0.9666666666666668,0.9666666666666668,0.9833333333333332,1.0,0.9833333333333332
MiddlePhalanxOutlineAgeGroup,0.7175324675324675,0.6363636363636364,0.7987012987012987,0.7207792207792207,0.7402597402597403,0.6818181818181818,0.7532467532467533,0.7402597402597403,0.7142857142857143,0.6883116883116883,0.7012987012987013
MiddlePhalanxOutlineCorrect,0.7852233676975946,0.7079037800687286,0.8144329896907216,0.7938144329896907,0.7903780068728522,0.7697594501718213,0.8041237113402062,0.8144329896907216,0.7972508591065293,0.8109965635738832,0.7491408934707904
MiddlePhalanxTW,0.6038961038961039,0.5974025974025974,0.6168831168831169,0.577922077922078,0.577922077922078,0.5974025974025974,0.6233766233766234,0.6103896103896104,0.6493506493506493,0.6168831168831169,0.5714285714285714
MoteStrain,0.8829872204472844,0.8777955271565495,0.8714057507987221,0.8865814696485623,0.9049520766773164,0.8961661341853036,0.8801916932907349,0.8993610223642172,0.8985623003194888,0.8458466453674122,0.8690095846645367
PhalangesOutlinesCorrect,0.7798368298368299,0.7610722610722611,0.7855477855477856,0.7773892773892774,0.7902097902097902,0.7622377622377622,0.7878787878787878,0.796037296037296,0.7995337995337995,0.7773892773892774,0.7610722610722611
Plane,0.9952380952380953,1.0,1.0,0.9904761904761904,0.9904761904761904,0.9904761904761904,1.0,0.9904761904761904,1.0,0.9904761904761904,1.0
PowerCons,0.9266666666666667,0.9222222222222224,0.9611111111111112,0.9111111111111112,0.9277777777777778,0.8611111111111112,0.9,0.95,0.9555555555555556,0.9388888888888888,0.9388888888888888
ProximalPhalanxOutlineAgeGroup,0.8526829268292684,0.8634146341463415,0.8731707317073171,0.8585365853658536,0.8536585365853658,0.8439024390243902,0.8292682926829268,0.8390243902439024,0.8439024390243902,0.848780487804878,0.8731707317073171
ProximalPhalanxTW,0.806829268292683,0.7902439024390244,0.8146341463414634,0.7853658536585366,0.8292682926829268,0.8097560975609757,0.8,0.824390243902439,0.7853658536585366,0.8048780487804879,0.824390243902439
SemgHandGenderCh2,0.8373333333333333,0.8416666666666667,0.7816666666666666,0.8466666666666667,0.8416666666666667,0.8466666666666667,0.8316666666666667,0.8416666666666667,0.8533333333333334,0.84,0.8483333333333334
SemgHandMovementCh2,0.6168888888888888,0.5577777777777778,0.6355555555555555,0.6022222222222222,0.6177777777777778,0.6222222222222222,0.6244444444444445,0.6822222222222222,0.6022222222222222,0.6133333333333333,0.6111111111111112
SemgHandSubjectCh2,0.7544444444444445,0.7555555555555555,0.7644444444444445,0.7711111111111111,0.7555555555555555,0.7577777777777778,0.7688888888888888,0.7022222222222222,0.7733333333333333,0.76,0.7355555555555555
SmoothSubspace,0.9886666666666667,0.9866666666666668,0.9866666666666668,0.9866666666666668,0.9933333333333332,0.9933333333333332,0.9933333333333332,0.9866666666666668,1.0,0.9866666666666668,0.9733333333333334
SonyAIBORobotSurface1,0.7993344425956739,0.8236272878535774,0.8519134775374376,0.6905158069883528,0.7587354409317804,0.831946755407654,0.6688851913477537,0.8236272878535774,0.8652246256239601,0.8502495840266223,0.8286189683860233
SyntheticControl,0.9726666666666667,0.96,0.9666666666666668,0.9766666666666668,0.99,0.9666666666666668,0.9633333333333334,0.98,0.9633333333333334,0.9866666666666668,0.9733333333333334
Wafer,0.9758760545100584,0.9761518494484102,0.972744970798183,0.97874756651525,0.9793964957819598,0.97680077871512,0.973069435431538,0.9829656067488644,0.9720960415314732,0.9738805970149254,0.9729072031148605
